<?xml version="1.0" encoding="UTF-8" standalone="yes"?>
<addon id="plugin.video.channelpear"
       name="channel PEAR"
       version="1.4"
       provider-name="podgod">
  <requires>
    <import addon="xbmc.python" version="2.1.0"/>
    <import addon="script.module.beautifulsoup" version="3.2.1"/>
    <import addon="script.module.simple.downloader" version="0.9.4"/>
    <import addon="script.module.beautifulsoup4" />
    <import addon="script.module.simple.downloader" version="0.9.4"/>
    <import addon="script.module.requests" />
    <import addon="script.module.httplib2" />
    <import addon="script.module.youtube.dl" optional="true"/>
    <import addon="plugin.video.youtube" />
    <import addon="script.module.urlresolver" optional="true"/>
    <import addon="script.module.simplejson" />    
  </requires>
  <extension point="xbmc.python.pluginsource" library="default.py">
    <provides>video</provides>
  </extension>
  <extension point="xbmc.addon.metadata">
    <summary>All the best from channelpear.com</summary>
    <description>
	The channel PEAR media database is 100% maintained by users like you! Share media sources with fellow channel PEAR users and discover a whole world of live streaming channels from around the globe! http://channelpear.com
	You can now enter your custom Plex URL in the addon settings. You can get your custom Plex URL from your library at https://channelpear.com/library/ (must be logged in - click the "Plex Channel" link at the top right of the page).
	
	This addon is based on code from LiveStreamspro from Shani. All credit to Shani and other devs involved.
        
    </description>
    <platform>all</platform>
  </extension>
</addon>
