<?xml version="1.0" encoding="UTF-8" standalone="yes"?>
<addon id="plugin.video.CanTVLive" name="CanTVLive" version="1.9.2" provider-name="podgod">
  <requires>
    <import addon="xbmc.python" version="2.1.0" />
  </requires>
  <extension point="xbmc.python.pluginsource"
            library="default.py">
        <provides>video</provides>
  </extension>
  <extension point="xbmc.addon.metadata">
    <platform>all</platform>
    <summary>Live Canadian TV channels</summary>
    <description>Live Canadian TV channels all in one place. General disclaimer: These are just random feeds found on the net. Like all things internet, links go up and down. Also, some channels do not broadcast 24/7. I take no responsibility for the content or reliability of the feeds. Enjoy while you can. [B]P2P-Streams[/B] addon required for sports channels. Make sure it is properly configured for your system. More Info: http://tinyurl.com/p2pstreamsconfig</description>
  </extension>
</addon>
