<?xml version="1.0" encoding="UTF-8" standalone="yes"?>
<addon id="plugin.video.CanTVLive" name="CanTVLive" version="1.3" provider-name="podgod">
  <requires>
    <import addon="xbmc.python" version="2.1.0" />
  </requires>
  <extension point="xbmc.python.pluginsource"
            library="default.py">
        <provides>video</provides>
  </extension>
  <extension point="xbmc.addon.metadata">
    <platform>all</platform>
    <summary>Live Canadian TV channels</summary>
    <description>Live Canadian TV channels. Some channels require F.T.V installed from TVAddons</description>
  </extension>
</addon>
