<?xml version="1.0" encoding="UTF-8" standalone="yes"?>
<addon id="plugin.video.heynow"
	name="Howard Stern"
	version="1.2"
	provider-name="podgod, tvaddons.ag">
  <requires>
    <import addon="xbmc.python" version="2.1.0"/>
    <import addon="plugin.video.youtube" version="3.0.0"/>
  </requires>
  <extension point="xbmc.python.pluginsource" library="default.py">
    <provides>video</provides>
  </extension>
  <extension point="xbmc.addon.metadata">
    <summary lang="en">The Howard Stern Show</summary>
    <description lang="en">Catch up with the King Of All Media. All the latest Stern Shows courtesy of Sternist from YouTube</description>
    <platform>all</platform>
  </extension>
</addon>
